id,name,email,device_id
hCA4tG6V8SxKPshaqjvsXC,Cody Thompson,jjenkins@example.org,NqLNGrJZ8vVE2JXCMAgnXa
gzKELyuZtwCfCaiiLcFGsJ,Richard Moore,julie94@example.org,42wUF35PTSGsiFvMxbREeH
VWijA7GScfMY32PrEV5ABM,Jacqueline Smith,megan25@example.org,WUBuMy6MDi7a7mB9aspGzj
Dz8FWjiBVRrBQ5YqePDNdt,Whitney Shah,patrickbell@example.net,TriRMhhjDqeZwvD7CFgPAj
T3bHhVYxUCEMFxQdrYZFNU,Lisa Lopez,matthew73@example.org,4EEFL8Ho9K3H2dF9VpygcP
fy4HDnQZPkh2NjJerfTTnS,Daniel Johnson,qcallahan@example.com,Ngs6BRtPCzrHADTJ9ZN3ts
i5Bxu7ZAbh4wSAG8YtvWkN,Jason Martin,parkjessica@example.com,hUULvnWurFwRRaZaYDF3iR
jwaeoUXmjxZQ8Y6cJGPHJp,Michael Gardner,kgilbert@example.com,3CLVYiRsmw7wN479AsP2Ee
HD6WbipFyjxo7MVhypXqfh,Ronald King,larry27@example.com,2t2kccwtHdDJ6kx4ER5PEA
LqrBrUDbn26LwCBMuCmHcr,Madison Bradley,davidcurtis@example.com,gx3UJNeC4Cs9ctgVvDbV3W
NDKuNuMZLu3REQPcWs9iG6,Taylor Freeman,leah97@example.net,aaF4CecQNVAenScUypmTPJ
3THS8gNiMbDJQoCdwceJrp,Michael Barrett,lancedavis@example.org,eXw26AyBQpcQBuydvKCN8m
3ZCHJdZ9ZJAXBKUX5e2veA,Samantha Bernard,paynechristopher@example.org,n8EgJxkmeZpyrbNDyXGszC
HKCgFrBo2hGrruKF6c84pb,Barbara Torres,dwilliams@example.org,5B4ActQ89HXh93Fcz4jCf6
3BbqxTo9GYCHoBAPmncfQt,Gina White,gbonilla@example.org,XLTcaEkM62nncqSpJ6FQN6
VxTq2YmoQ62uSDZ6smrJpq,Aaron Avery,sawyerjaime@example.org,C6qQpFxJvG3fMWYDWJchug
4yhHBnBAzWgoHs8i8SpYnN,Kristina Brandt,theresamoore@example.org,dB5ukyGki9u2Ev9eLgDuz9
A672hfn6knaj2exUN2FzhQ,William Meadows,darrencruz@example.org,kEYdvrCdDf2xHrga4Q9utf
eAs2f3dyXgVCA8cSDgiq6W,Samantha Ruiz,nathancarrillo@example.net,L4jLWpMjjphHC9WSM2FcfD
ETD5ngAAAoJxtXgDUZCUNa,Linda Lewis,millsbeverly@example.org,AavfbjFpqC4WEsCCvxpDUW
FrJ7AbYPv5xddAbJATQBUj,Sarah Moran,patrick37@example.net,8WRPEEq7wWg2c4VjPs2yEd
N7CxRqZQLQ7zaogtF88hZ6,Jimmy Baldwin,fray@example.net,N9ywvpwbRjd6QbiYPdcuJu
K984HN8uTYBRkf6wrJWjQM,Chloe Baker,kanedennis@example.net,FJnXew62orWtXKcZeGRpZJ
QBhUZqFG8RujRm6jwDofR4,Jaime Cunningham,lorraine52@example.net,QxrZJ5TuGtmmEd8yGmZu6x
iQL9fbt5JM39JuXAN62BQx,Larry Gordon,joconnor@example.net,QULuUdiaqhbWuG8WqU5HiP
HeXD7fxXTHSJNZTie3qpVh,Robin Williamson,bankscrystal@example.net,2CMkwLuYytyUdwJhMHmJ6A
5jimMnhG8VwqXqBzJyV8Nd,Mary Garcia,tylerkeith@example.net,eegF8mQZupxgudkd8M89e8
kYdNtmMV4zen7GDAZxSeja,Michelle May,candice46@example.com,85vZ5L5QDA254CEiwKNkZw
CuWqw28CKmgYEysTrSicv9,Devon Harding,rossemma@example.org,WPaZ2BB9hUhuyCcfuYaEZA
aPqu7NvwSzDbMsFZR6Dz2R,Sharon Thomas,adkinsjacob@example.net,kFBKhYJcYCkm5yubjRaHcC
6sgZacKmdjoWUwoTFQNo8S,Linda Lewis,andrew29@example.net,QvLQx7SY7k5PFZNC9Qg8Yk
MpE5TbLJTR9B4UsCN5tJcX,Casey Johnston,christopherhughes@example.com,E9pfRRLamZ9ateCD3he8wj
3ymfTeeEhLVy6MyxSJh2UL,Sylvia Murphy,lewisanna@example.net,j8QSSFSMwVnrpTQFbfNaEy
SoMp6CebFNFaT4M33K9Pzm,Crystal Baker,charlesolson@example.net,6oFyCRt9XN8wBHCtoZt9Mw
j7DBBDV9vFvB5gvP6hKRTS,Morgan Holt,amywilliams@example.org,XeiRMjbZ6Ucjr85H66bu9B
dpDdMGJ6vZpn3hx4dHtDpQ,Michelle Conley,villanuevamichael@example.com,AhDbWp5cBuRUNuEivXVdRU
YtbjbeQ2FqbNvvDgppeB4W,Kristi Henderson,jdixon@example.org,2e4f5SYHurRhHToF8B2uqR
Luj5FW44KPFRCRbBqtsa2G,Jennifer Walker,danielkerr@example.com,bD8SUVrNVSqdpLaQ88wsRQ
WPDVYR85zuSbsFtaXAwiAK,Eric White,pwallace@example.net,b7M8PiwCk4iRiFpw74C3q8
BUb6wdV6FbCJpyhDmMC4mj,Amy Blake,timothygallegos@example.com,eegF8mQZupxgudkd8M89e8
gnU6e3apF5unbSymWx2n5E,Sarah Moore,jacksonpaul@example.net,m68GXpqNvJuSvzapYXomiu
PX84hL8fKBSjf8bkPvpeT8,Samuel Harris DDS,bennetttrevor@example.com,7iT7L5zocJA2F7ommMfyuT
5MknuuQf6ywHXyK2yCJArm,Faith Murillo,raychristina@example.com,TVgLKmf2vGqCi9vEDqoRJm
i6RLj59bg9qANKNHjt6ECm,Veronica Montgomery,michelle64@example.org,WEebr8xV2qHxfyf53J2SRY
XHqzC2PNHHRYqvfE8EzGdy,Kevin Lee,hallen@example.org,dGLJbwsdJDy3s5Bqpouuaz
ePZ6w3NddgScMpkFtYy2tK,Sandra Norris,ahenderson@example.org,BCRQ3QD5QXLqRGfq6F9T4u
Gszgd3oCjPj2SzbQhbHz6j,Hunter Mccormick,halljennifer@example.com,7NcjVGazyJ98hqwhxaTxQG
UXVWytSnqqdF7exFtHXLkU,Charles Chan,jillmartin@example.com,ac5CnWXUZtbqPJLBrjFqqT
iyY7L5juYyUz4hj2rz7fV5,Brett Hooper,gbarnett@example.com,U9yzu28WXMskZCE5Lst8bc
GyyiHo7Vpc3vyhnd7Dsbp2,Angelica Parker,jjones@example.net,8WRPEEq7wWg2c4VjPs2yEd
gfRE8Tn5kZwThzyeT25iqa,Elizabeth Evans,rjones@example.org,dR8VV4mfhEzucYjbXktq99
3NGpeAGqPA3y4VDcaujnaN,Kara Lyons,michael86@example.com,XciQnNQpwgKtrzjUzDNDHP
4BHNJBMgzRLjnHQTJwhFth,William Smith,kimberly39@example.com,Tp9z4cBqaqUYdEDCDW2raX
VKjsQH85Md5mbTgzNbdUDf,Shawn Key,anthonyowens@example.net,nsqdsxRtCXWs8FkwwtgokB
S5AaU3HCP4Pvj8WGmQnfGm,Justin Moran,zwhite@example.com,4qvbjC54amXtyEUQtt8wPn
mq8qmt97pzfnVDmQZ9YZPV,Richard Mccullough,singletonmarie@example.com,T4nebKk3itFTiwUJsRBBCs
NDGCQWmSUqRiFf3vb3jzAp,Lisa Harvey,amelton@example.com,8734hbCsBfFqCvagycidTN
dC3LcfTGazamSZ5KiuF4ht,Kelli Gilmore,thompsonjennifer@example.net,P4Dwcb4t2e55BZ9EYfzU3z
JSNpvhvASAaZHyrpbGKTVA,Mary Smith,aking@example.com,kT48KEiZ4yHbeyCRGkU8ae
m2rREb5jxqiCDpd3rsjcV5,James Hawkins,james91@example.org,fXCPoX8nV4B5SJ744vMXsq
Zb5sw4aHHz6DpHMoX2W3JL,Crystal Herman,amy74@example.net,AavfbjFpqC4WEsCCvxpDUW
TmXpnGYGkJEfL2x4ApLwZL,Alexander Moore,srosales@example.org,ScxcqzsKQBkBXCUnrMHP4Y
DY3wLM98iY4r2WwsodUd3X,Brian Gaines,jamesanthony@example.com,KnNBx26aMxz5y6rUJw5Cng
mmC632Br3Q7MNDZbV8kJvF,Blake Mills,rrivera@example.com,HQdfDfTL3ZZG7hP84opPKe
QSbmF9nHNeuBz79ygoqiqD,Leslie Spears,reidcory@example.net,HWDJ8Cd7xePdhgmpVLHcv3
k86Jaz578vpZhFnY2rXByt,Ms. Monica Smith,jbyrd@example.net,Ehd8MjjJcqz7gxNG9mfAeW
K5owD69SFPuccDLKc3Wuqs,Eric Howard,jason11@example.org,SD7mJpAoWYestwK9kwwZNY
bg6QmC7iXUs9RAkcx6S7RX,Cory Colon,xharris@example.com,WiJWj4AyvuhZDg6NeRfKEP
B3f7JVyk48QtkNBjFxHpCB,Monica Alexander,olivia62@example.net,Maxu6RhBdBmE8smYyht2ww
fityBNmYtNXyBvEmRDJNFc,Martin Jones,mallorypearson@example.com,oL5Yekgj3hCnVEHspY4HJs
7bDmSwWWDiTeWkPzFBmsmi,Kevin Maddox,brettsmith@example.org,XciQnNQpwgKtrzjUzDNDHP
26yLHm6BmPvf98BzyLKMsR,Jimmy Anderson,vaughnlisa@example.net,if8eAkdaHnBGWi2ivf6nMJ
SQPuMz4PHBkKa5dhp5dKQe,Vanessa Rodriguez,jaclynbell@example.net,ZgDgf294AWZnxzhmFCXdj3
Lcgiy2HULLWhs9MFrsqx3m,Tim Brady,brian04@example.com,7SHkVttYvxzZcadEmxunnL
BHDU7VZuyUMiBEh4qrF7W5,Leslie Brown,johnny99@example.com,bm2SgHpUs4mbknKaJ92tVC
4eyn8JTCipbJgCo9g3uMiV,Sara Pope,jared73@example.net,6F9LHVyfBJHjKZGRmmwFux
YPTousamkhsryFArkfmgGk,Travis Johnson,stonenicole@example.net,ERQaDpb3LsSN2an5ongeKN
6hKpCw2vTQwupkoxjNVPYZ,Jonathan Brown,barbara70@example.net,L4jLWpMjjphHC9WSM2FcfD
AKx5wuQpiUTcE7cTiZUYpn,Stephen Gilmore,hmitchell@example.net,TVgLKmf2vGqCi9vEDqoRJm
KdVbbLyzWR7dmQiHp3BQDM,Samantha Reid,goodmanadam@example.org,798rMR8yrBVN4mN2oksTV7
K97AVPosEwUkFNRGNr5RBS,Brittany Stevenson,yflowers@example.com,hToAapuBi3DaAjLGwhgPEk
6sEBEQNUFb253sGDKTA6a3,Ashley Hawkins,jennifer12@example.com,fBR4VrtLSgnyL5fWc4ETwV
4CGgLsbqecWnL6Rjc6voU5,Lori Dalton,joneschristine@example.com,bD8SUVrNVSqdpLaQ88wsRQ
JcThonPWZoFbMQ9zft7c94,Derrick Mcclain,nicholas34@example.net,L4jLWpMjjphHC9WSM2FcfD
cnQwTpkBb63WnWPG7WCRhD,Christopher Sanchez,devon04@example.com,5272c4qww2LirfueiAEKmK
GZvwWH6JGLAJFcFxLa3j5j,Frank Wheeler,chowell@example.org,FUd65fGZ8oGeLpFnnqHrUc
PZT3jhRfrWx5sEu9r2JnNQ,Kathy Green,pauljohnson@example.net,8WRPEEq7wWg2c4VjPs2yEd
CR27T5awsLcnuoTUbpCEtP,Natalie Henderson,cookkevin@example.com,WZBaWpT8jWpJ4Wafh8Bn79
e77BHGqfsXkq7ZrnSbgxAr,Jennifer Robinson,mramos@example.net,Dqdf6C396XvLLpJjZWyEM6
UWGNKY8sQmL4JcNNi227CJ,Kevin Robbins,murphychristina@example.com,3VBJoqy8zuYGuqyJvgARrY
WCs6pedEshDYZncK8hB3Rd,Mr. Raymond Pena,wesleycantu@example.com,VYaNpNmyxZjTjyVXwJEmKr
dJmLWovJArVEQbmMWcLB4L,Miguel Kelley,ashley54@example.net,F5CRRCuRgErbXJvpPUU2ZP
kKNrb9NGUDKWuCVrcB77Mz,Jason Prince,singhrebecca@example.com,kudU2E4GyTgnxDewWwDmcD
5VQVwXRhYvoMEer6jwMiRs,Ralph Chavez,bradleywilson@example.com,UDqADtukBM5FrEgehZPAkB
oN4ZPeoTeB32hm9SWHVXdk,Michael Maynard,jeremy48@example.org,JcmRb5xzVVUgSWMfrgBbQn
HJCEKW6bwZStgzWTu6sQRj,Christine Carroll,vargaskatherine@example.org,HzQKL9UuVQYktV8Si5VXnQ
JbmGhFEf2ux8WTWABPc2QT,Paul Pugh,richardsandoval@example.org,SvaMYV9gfiYeEokqRcyXiE
Cs3ZzTEB9Kr4yyGEugwSUR,Michael Jacobs,angelabrown@example.org,592ApNK8vk9Niv8G2Qk45Y
fneXfqLBrbCWUNs6tNoW9h,Kristin Romero,danielzuniga@example.org,a2pgWNC6zBMtVbY7kqLVLo
PFvfVqUPBgU7qNaH86LWHn,Mark Jones DDS,arthur56@example.org,EaF9ay9aaQEhQTxaZxyEk5
XAHuDVKZDQUDCn9hmmuMLp,Cameron Navarro,kbrown@example.org,eegF8mQZupxgudkd8M89e8
L7gaqzcJ8ejKGGNtaGVG6h,Leslie Thomas,fjackson@example.net,hkxTLZ2DRZCDCvfkJd2JdL
4nYF629Xv2QBXCBm5GSSdB,Jeremy Smith,keith47@example.org,bD8SUVrNVSqdpLaQ88wsRQ
Qr4ynP5Gpk48gogtVCJ5pS,Courtney Johnson,murphyrebecca@example.com,WfJAr5xVbhNktViPt9QE8y
4Ss75XirAjMxQLmtdVFYic,Kelly Henderson,christine24@example.org,Q6viomCPY24XKFWLQQWZ85
hsom6rzMyFMHdvfg93Pew2,Kristen Lewis,codycameron@example.com,Pmi4n8Q5DymHeYhgQsQPux
2tYrZNW2iZ5xXFbVgGXskc,William Brown,hodgemargaret@example.net,kBiJ8UyYQE3YkyKeZfThsk
9AuEjpe6JLvaviVn6c7deo,Tonya Hall,qfowler@example.net,XciQnNQpwgKtrzjUzDNDHP
C3Nd2ubDy2GpCBumHiEkpQ,Valerie Rodriguez,randyhawkins@example.org,7i8jxFSiwgro4tuW8qcFpm
X5XjUX2kN4JhW9W9ttmLeM,Kristy Burns,andrea18@example.net,6QX6NFYzQyHd37Cmwpwjj5
mcmJw96JbyC9FPUA6h7dBy,Jeff Moore,kaitlin33@example.com,XciQnNQpwgKtrzjUzDNDHP
8LwshoVUxSsMKiBHuKVwfi,Cindy Garcia,robertschristopher@example.net,TVgLKmf2vGqCi9vEDqoRJm
figPYgqXUw9FtVKktqcV4d,Kimberly Tapia,rossgary@example.com,KpT3EBpAvEkNjxTgoPYTtC
jkfhU3mTVPtpBe48vo9Hht,Devin Cooper,paulherrera@example.com,Je9oY9sXSDx5yzFWZSY8cM
8cBvQF7mrpSLxRzcziUtuM,Carol Bryan,sbrennan@example.net,LMXAUybiH4hHmFEisdBdPX
euVAYXiCgZ9YnwAQZS8ERp,Lisa Evans,zramirez@example.net,AavfbjFpqC4WEsCCvxpDUW
gUyVprByvarxpPgd2CxA3v,Andrew Johnson,sduncan@example.net,d3tG75zwWvsev3pYUBJypi
FxkTRoiXwJQopGbStvxUta,Katelyn Vaughn,adam05@example.net,KCbz9EMBtNHzowp9dP85Jx
gs4aZZwJ74vXiDB97DPcpn,Luke Brown,twilliams@example.org,VdMu3HMPDUSqpUQjLLUAp3
NanceeU8A9xJ7kxhXFGuyK,Jessica Lewis,michaelfuller@example.org,fw3T24ewU4kwyEyRXnhnwB
4B6Qpb2jCnZtufnrN28PMe,Michael Barrett,castromatthew@example.net,RQp22oCKWombiXCqyNhGrp
ZUesw7j633wERR75vKkpqD,Misty Mitchell,goodmanpatricia@example.com,MSP5N7BvhUyNPu9UqKCXn2
7mNTXaAduWihXq6iGSMUc2,Melissa Smith,psmith@example.net,niuhZ6CvAuoaN3HsmRSXLn
Tga98K9xjCKw4GzPEg2qbt,Bradley Archer,fsmith@example.org,aqc6p3i48pWDwfQy9kewK2
Dh7nk2NiQHbbhxdT6BiTV2,Andrew Small,harrisontravis@example.com,8WRPEEq7wWg2c4VjPs2yEd
Gi9YsfegiVbSBW28GZRRZW,Kristin Olsen,vanessa53@example.org,BcFE4WvtqrLKWD4Z8hRgac
6GibTw3q8M9ayCCT5D2gRs,Gordon Adams,christopher75@example.org,cQvQR7WD384CNptLnUWPCX
P3Eju9MQY4uxiskfHbpt4p,Katie Lyons,hicksjoe@example.com,KCbz9EMBtNHzowp9dP85Jx
hkWcPsYuTxeNSmBLXQbbN2,Thomas Thomas,markburnett@example.net,nNyiqZ7ioQhu74MTeKr6M7
F4mWdba2uXBbiQ4dqHoXzK,Kevin Davis,kentloretta@example.net,fSMdkDRKmcNuWZWUKfCgVL
mj8FJ5z6G5aWNTWU9ztm29,Dawn Moreno,matthewblack@example.com,34TgaWDs94eeyKubnvZ3Kh
54dtetg82XNZvNmokPHaDu,Daniel Garcia,adam95@example.net,ZtTLzS5yZUn4BwsZc8PBqH
PVVC7s5xKgz2qpVX3ffLZZ,Michelle Murphy,tracyedwards@example.net,2SyN5JHrQi2XXJr8MpDhZu
oV6iuqX6RZegs7MEixadYa,Kayla Rogers,sherryhughes@example.net,NDhVXSsdFEEyBQHRvzUYV4
6N2AWanjsgVNVyAFQdQuXf,April Tyler,nyoung@example.net,bG3qWghzci9GGu7TBVv8z9
KMZzeW9sLXqm83JaMXKV5G,Carmen Lee,ashleyjohnson@example.net,KdNrsK9UAcfewHVzmvGK5p
MVKFZeMAaHhkbHZSn3WbnL,Daniel Goodman,shahdaisy@example.net,FYVTVnQMzSThqMAYyUwAgZ
QX7sXA2xf9dkMR3CF2rrYw,Susan Mcneil,cookegary@example.org,QMjr9WWfHiFGJY8gquRkfC
bnHYS3S7WAf5Lw6dw4Ltf2,Gina Scott,tvasquez@example.net,cVD6xPh2uiQZdmtaM4pQAM
jmaC955qm4X5DqPFw9x68v,Rachel Cain,maldonadochelsea@example.com,KCbz9EMBtNHzowp9dP85Jx
eL5ZZPvvbkJo4FH8BDtR3Z,Teresa Hernandez,tinasanders@example.net,bG3qWghzci9GGu7TBVv8z9
LtSwxJgRUdoa2vDiiCbMbE,Vickie Johnson,mark80@example.com,dJMYuRk7HXEkpUSDgRJV7Y
hxjNZQys9pcqLxcWoGm6Aa,Beth Lopez,john13@example.com,XciQnNQpwgKtrzjUzDNDHP
J7LamD55vX653e6o3ueadD,Jennifer Kirby,rodrigueztrevor@example.net,YJyQxcBDVQ9W6Y6ekSmLkj
WFeDUHJJ9uqBe7UZS4KQZi,Cheryl Jones,hmartin@example.net,SCZNbjcyD7YAQA3HJRPvyD
3fL54Qko5Gqm4UunWEfEQr,Dana Fritz,lamjacqueline@example.org,bD8SUVrNVSqdpLaQ88wsRQ
DWaGQT3PDUpj5G3358Zf7f,Ashley Hall,conwaynatasha@example.org,UKB24wMjhrWHcAPpPhvEij
NTQkPZ85W6qrQegk3XWXBG,Amy Russell,jodi88@example.org,HdbcHsBWodj2wzbya3kQLh
cQXtuwhT9rYtLfW7WYKhqm,Stephen Thomas,seth83@example.org,KCbz9EMBtNHzowp9dP85Jx
CaXqXhUh39ieqiZbEwycfx,Christina Sanchez,hsanders@example.com,MeatUDAfwDaKVrNYjBeTie
EefBSEwaDh7NNNEvkRm8C5,Catherine Delacruz,xward@example.net,bD8SUVrNVSqdpLaQ88wsRQ
jREDm89aVStQXEeWiowdDh,Jeremy Fry,mariathompson@example.org,C7Y2o2YUjzs7ZyNyH4mBYP
fJAHFPsRRBLRiWUcHe77FL,Jennifer Barnes,paul30@example.org,dT3zAdgb5XXUTXM8aDLJAW
oQZM3sqCcrkaRbgzfp3yJ7,Kevin Warren,jjoseph@example.com,PQUZerGqMut965RBhqyJ8o
mbdNT69jyogXXcsL8dMm7Q,Lawrence Smith,hopkinszachary@example.com,ABzJfitPuKhBoNezXWEdLQ
D5i9ARouCsjgSBtAdAfYEz,John Winters,eharris@example.org,4jNQmnFD8DUoGX4MGi2r6k
RL5Tezbr9sGAy2b3sVrSBD,Melissa Stanley,qbrown@example.com,eegF8mQZupxgudkd8M89e8
GqsqMAhDTXhK9qyEr64GwZ,Donald Flores,jmiles@example.org,eegF8mQZupxgudkd8M89e8
89s69dWuQboTTKP75wcYYH,Kristen Williams,fwells@example.org,DrApLYYYud7t9MQAq7Mrrw
NPD5zbB8T6Wf9NKiUstvTq,Andrew Jones,phillipcain@example.net,j8gE8AFuqK8BMvnxFj8Mmj
3qGgdbhaJyiTQHLjH7W4Gi,Samuel Flynn,lanemarco@example.net,kTSBGLkfFCNZR4eRenk5vu
irSRzvXGMuCxgKAVdYrfQa,Rebecca Clayton,bgarcia@example.com,PWxhiFfEKFjvaKySQFECTW
3n9du6jFabSHBZzKD8h6jq,Tony May MD,marklane@example.org,dTZh94Mnvorz7VSQwXc328
K75ukSymhnPB8BaEscXGdc,Mary Miller,jacobchavez@example.com,Yt2mXxRMtqD34xD4gw5QJ6
JPFChxAP7ciiz5nqMpXnft,Jack Allison Jr.,csmith@example.org,GHeRdLWpRTvzVuZncmurCf
ENDSxDosL2TaKZn6S5ai7R,Caleb Lopez,wilsoncameron@example.org,PJqbHQH9mPQbEnH42jTbYj
3ejtgfDoMSkZSBc3C7fbCf,Jacob Cole,liurose@example.com,cRcqWYRqi5mUaEJ33FGUSV
5ECwR6iAT5wUAxtud3jnZV,Natalie Baxter,russelldonald@example.net,EoFN5a4uV2QBve2ABhLNuB
GszhHwUM5CwUqRZrAcwpSA,James Lopez,anthonyrichard@example.com,MhKijYcktBJnrr8sy2aUru
LK7DAwbb2mcS2iAnjL5GN2,Amanda Barajas,nathanyoder@example.net,XgsmVt4A7cWnCoQPfnFc4P
bA7a3u2GvUMuwB84hSo2Aj,Melody Clark,kathryn00@example.org,TVgLKmf2vGqCi9vEDqoRJm
KFEUr3kAz4yyPiwmCqeGrb,Roberto Sheppard,susan34@example.net,A74EaNhUFu9PemwKSmqPrd
n2tbJvQt3gYdNvzyTgnxss,Rodney Ho,welchroberta@example.com,eegF8mQZupxgudkd8M89e8
H2fRJsBjKYDoQrpPjPLE7f,Deborah Hall,morrispamela@example.org,cM5WRyj8U5bbSmANWHz4WQ
7hP57ofw2vNHxeWdKdDaff,Dr. Melissa Gay,evan95@example.org,bD8SUVrNVSqdpLaQ88wsRQ
NsWMzHzeTK52VV2EMb9cvJ,Sandra Hudson,nguyenjohn@example.org,T4BVmVxLtCDiLmpzh5VQPt
GP6psTQFgjTPv5B88LRehJ,Jeffrey Tucker,thompsonjason@example.com,7awYkht8gkAf9vNtpWzdqJ
j5rz4MtjaLBz8wyoxacvXH,Alexis Rios,ymosley@example.org,bVnPKxdMUT8AhTCXnSWmT7
J5MFYiHURYYsmkMJ99wJGG,Amanda Meyer,sharon70@example.net,28CJivZMbs9mpfSXJHC7Us
kHMiEiz3aG9iySCS48aEa9,Karen Lyons,angela81@example.org,HyjEC9zie4TDoQSZd2HmcS
gqG7Zjd29di6HMfkdhRHy3,Peter Garcia,athomas@example.net,B3jemn6m7PzJpUuehi5msm
drB5LyvzHd2msXFk3WGUbY,Curtis Evans,lindsey16@example.org,npCiASB94LQsMGxY7picZj
TW9oJ4mQoe2SvtZNWVWgHi,Elizabeth Harper,maryduncan@example.org,fnnKVDLNPmA4RUxdNjykjr
FPQrfndCfhsq924Ly2yKJM,Karen Walters,ulee@example.net,kBiJ8UyYQE3YkyKeZfThsk
Ku8vvVaebyq4kvToHaLhWS,Roger Kaufman,haleykayla@example.com,kX5iNGwqekj9EsastcxBWs
DJzz4iNgH3VEnkxWy8iCLo,Clarence Estes,tgarcia@example.org,RDbUFCLA8oE8tsd9rE3QaC
4NF2D3DMzTX77CAKft5ADG,Roberta Sanders,ronaldfrederick@example.com,e9SiJwh3GcqgrigNZp8uVL
J6MLYb76oUuPJzc7HBqRxf,Bill Hernandez,barronrobin@example.org,fs9Es5Lb89sighJXzZH8CU
eLHpzBgPKVcasESw5ye7ap,Michael Ortega,briggscollin@example.org,8WRPEEq7wWg2c4VjPs2yEd
CQDNsoawSM67KjMb8xrogM,Christine Elliott,andrew24@example.com,aW5nujGDFvWhRweNzfYfbV
TStu5UtBeuNeSYHDC7GAwY,Diane Frazier,kelly56@example.org,f7RMXHbkqbHpeNXEZfXbgJ
hLg5npytnBrPX6DJ4UCY5a,Sarah Robertson,anthonyfreeman@example.org,UyARqTaL2WzVX79WejzE7d
3wBiFMCZFGaBGWRCDdZx84,Tara Vazquez,suttonoscar@example.net,AavfbjFpqC4WEsCCvxpDUW
2YRA3ehUSEXgy4jrvbDzXc,Elizabeth Boyd,anna94@example.net,CHnXQ2sbaPTeJh3gNbwqYb
Yr2yGghMDYfpJpG4wicXzU,Barry Tran,aaron91@example.com,my79JwYGSJNHkBbEy7bRLY
8wbYioKkTDeWTFPeqYV4pp,William Holland,dflores@example.net,TVgLKmf2vGqCi9vEDqoRJm
MtpS2UjNdpy9UFcvUhBTKL,Karen Ramos,rpeterson@example.net,ngsZhxM9kns98Xyb3qxMVr
aWWVEMUXkUh2jDWfYoUSMx,Bill Hardy,kathleenhill@example.com,5oLuSRsogbm86aggZb5sjp
LchLS8eyXdMLQepFuyZhFd,Glenda Pierce,michellerodriguez@example.org,f2gvFRWn6zwBeju6RSn7ut
Vgo7AKHtX3iY9pv9tHwTke,Jeremy Moore,bautistabrandon@example.com,CpoefDTfNFAnX2jx7cUs45
