id,name,email,device_id,country,city,street_address
nShwRd3Mj3e3jaRTe8ahMY,Charles Meadows,mcphersonkrystal@example.org,HFDC8sQMrpmN6Smea2a6yo,Australia,Robertstad,383 Hunter Hill Apt. 847
JfRznABd3mbmJWVPFtg6jx,Blake Simpson,amberjackson@example.com,cpUVcdsksMTiBUPGaLyymB,Andorra,Mcdowellfort,4318 Jordan Vista Apt. 271
XMH22UBDDPeh28mvUDGdHG,Lauren Schneider,gdaniels@example.org,Yg4xCEy3K7xYJGsCRsRnQq,Saint Helena,Parsonsfurt,44211 Joseph Fort Apt. 232
dwz8BeuSpiBCVYNCv53Hso,William Berry,michael09@example.org,RyhiXRSJnzq2SSp4rD8QGr,Saint Kitts and Nevis,Luisside,69854 Anita Shoal Apt. 133
2RATZhFEjmiAZTKMxXvi7M,Beverly Mitchell,leejared@example.com,LHfetQv4Eigntb8D4LjMg5,Liechtenstein,East Colleen,591 Gibson Lane
8JsvFXo6cTDaANXLWaxCX2,Ian Wells,brownjulie@example.com,H8MpXZn9RuYLyafCkW47Ek,Oman,Lake Samantha,3346 Ford Courts
FtD4eBcCJyX6VZtdF9BeZk,Michelle Bruce,jacob48@example.net,ezyXEPB9aXaWNMfbXLNpnY,Jamaica,North Nicolemouth,94139 Sanders Center
A3sUa9mdkDzUV92wdXnogZ,Matthew Ward,ronaldmosley@example.org,jausK4KT6goyErT7gBUS3x,Hungary,East Dillonville,19924 Connie Brooks Apt. 142
HbMWF3MhyWjKsBro9eUdcF,Eric Miranda Jr.,jonathan24@example.net,js865Z823kc228jrrCCorj,Israel,Katherineland,56564 Miranda Walk
ZFwnSwAGaNnYtMWxnvnGFP,Jeffrey Ballard,nicolecarrillo@example.org,Xh5wXzb4WtzK56xzzx4PEe,Iran,Reneeshire,12981 Julia Fork Suite 096
KkXzZUgGYezFF8gD6VRaR2,James Martin,ndyer@example.net,6Yr9Gu6jcDmSNarUYVArJa,France,Kylehaven,04913 Pratt Harbors
gmzZGwMgbpfN5u4q4Hteih,Taylor Baker,jacksonjessica@example.com,HqNWbE5mPj6fY29MNTDetu,Oman,Matthewhaven,172 Kelly Avenue Suite 962
VkTezhdPPJNvBupUPM8JqW,David Tucker,larsonjose@example.org,Xf2uz4urBqtYXW8jRRX75J,Guadeloupe,Alexanderborough,259 April Summit Suite 142
gZiD9SfxqgHS62V38n3rAP,Ian Smith,tracy60@example.org,KMSGqJMwp3m54zAuEskL6t,Isle of Man,Lake Donald,654 Forbes Grove Suite 178
B2aftBppRpupCyVVs4fVoi,Benjamin Burch,destiny58@example.org,47dyiF9976ReEZSzjsk6hj,France,West Kevintown,484 Mclean Stravenue
2JMWFR8QuhStcwjrKd4uh8,Sara Lester,tamara37@example.org,VmtiNDwUxPBYSFNeEmxyoo,Svalbard & Jan Mayen Islands,Warnerport,844 Barnes Inlet
ao86rJMTC9XMUEw5HzPB7v,Carolyn Garcia,nicole28@example.org,cotodChH2CiSa5LRYBGmRo,Kazakhstan,East David,21919 Amanda Rue Suite 161
CUWFoq4EKhvLfJcBwtwrmJ,Meghan Patel,michael59@example.org,mEUfwQifAF5BwkatHazeir,Seychelles,Millermouth,1864 Flores Green Apt. 088
LNvKsXgAYqh6SW8dfRAwib,Dillon Lewis,isaiah73@example.com,LJMVhJqwCQ77Dunkr7U24g,Congo,Port Michaelstad,653 Angel Flats Apt. 848
ZiS4WShHyDuxMJCsMKAmBA,Michael Rhodes,wreeves@example.net,2nqH7U2MvM72S9voaYzuAr,Kazakhstan,New Scott,74937 Ellison Harbors
ieip6TsxXfWKZL7zC4CJc7,Victoria Campbell,kylecooper@example.com,czgqzAkagb7yjgZi6bmEAU,Slovenia,Tiffanyborough,72591 Julia Row
TmAFfuau5RkBVdnxtVSz56,Angela Robinson,kathy88@example.org,2nqH7U2MvM72S9voaYzuAr,Canada,Port Carol,101 Boone Expressway
Cw9aKouZ3nRNMfnEN8TQfN,Michael Mitchell,adamsroger@example.com,Au8FCyiLTJmpgJkpohXBeG,Russian Federation,Vanceville,11761 Romero Street
Tq8xQW4wUcTxbwLqbcxyoj,Andrew Heath,jessica87@example.com,56wuFEhNDeMQQ3TGaNbxop,Germany,Port Williamborough,888 Cruz Wall Apt. 448
J5eoiVeFqfv2iZJstBJ7YU,Jean Ortiz,ybrown@example.org,QUFARDYZq2bFVzoi8hyBFr,Namibia,New Karenfort,9623 Stephen Islands
eCgasvUx8tteGKqjJUpagy,Stephen Reeves,stevenrodriguez@example.org,bBtTN2EDuFsNJCYXyqhEGb,Ireland,West Tammy,866 Jones Spur Apt. 270
HZpZJZxQKPK8chZfvNZDry,Robert Crawford,donna73@example.com,KpzqufyXzanERWBXpJgkff,Bangladesh,Brownmouth,623 Matthew View
ZjvnJwHm9Vs8y7zkpEYnp8,Renee Williams,iarnold@example.net,NKP3YogWheDX6oAkFsFd3o,Saint Kitts and Nevis,North Howard,83298 Kevin Estates
74vda5vfGJH42Lv5iDagTf,Edward Price,laurahernandez@example.net,c8x4wrZEibfoys7GPxbwJU,Bolivia,Pennybury,8651 Williams Spring
Z7pMLh7QQaFCYo2Uvvhk3P,Marie Davidson,jenniferlittle@example.org,DiriMt4qQLBgqdsVQ9qHA3,Slovakia (Slovak Republic),Sullivanborough,22668 Kathy Green
5u6fALDfKe5kNravKEX7S8,Morgan Shields,brandi47@example.net,QUFARDYZq2bFVzoi8hyBFr,Saint Kitts and Nevis,Moyermouth,767 White Turnpike
Pgr7odRCk2nHNkvc8k6hn3,Jessica Smith,blakerobert@example.org,9aQctYbWnouTDzEJ7FhSvi,Svalbard & Jan Mayen Islands,New Sandrahaven,8225 Roy Underpass Apt. 999
YF5W2Vqy7mSZyeF3SD85kd,Ms. Renee Dyer,wmartin@example.com,kPqCDTSZFijmES8s6SUemf,Turkey,New Gina,28623 Louis Dale
kG6LmMHWpM4nBnFuoccYEC,Ellen Richmond,howardanna@example.net,ebqXG8qrLFF7s7tmPmjv36,Luxembourg,Rosemouth,00440 Steven Junction
JYBgETBHxsvxyp9bwsq9UX,Kristine Wheeler,franklinmargaret@example.com,JRPGksfKDY8oHfduXh7qDe,United Kingdom,East Wendy,96660 Alejandro Park
eAss4m6R3zmLdPkGfYFcLp,Anthony Mcmillan,coxshannon@example.org,izMU8bXKSZPgni8sP2JNf4,United Arab Emirates,Greenfort,640 Kyle Burg Apt. 280
kQrSaPmi3xuHnKzSpD5KbQ,Sharon Johnson,amy27@example.org,9iX3kjsnqsCXdE4fgbtFSz,Congo,Port Sherriburgh,62083 Estes Dam
LVosPDAznsDrDwrMd3Yq7u,Kim Graham,idillon@example.org,mHPhfn5KSkWeFv95K7EAwA,Zambia,West Rebecca,539 Richards Court Apt. 167
7bFbkxVNztTjMucwtGKX2N,Cheryl Herman,bryantiffany@example.org,3rZf95ydZNmSGBXJ4fEbtb,Sierra Leone,Stephaniemouth,737 Griffin Ville Suite 937
Cb8re8jDPicTPtHH4MCoVg,Michelle Church,meganjordan@example.org,8dEATCoXFQAiUziZnAYvaa,Lithuania,Wuland,936 Bradley Orchard
T9UYX9fC9WhvzBCDKCgk8V,Mark Baxter,jonathanrandall@example.net,j8wG5DscSR8qXgMSAShWmA,French Southern Territories,Ashleystad,06044 Cody Fields
ZkczXPxfBp3p8ZBTRNVxJZ,Robert Walker,richard67@example.com,btrx9iA59BkdbbXS8hPkHf,Slovenia,New Oscarland,4554 Daniel Islands Suite 202
gRpQa52pLdCScVe2BgytLA,Ryan Werner,gcopeland@example.com,DiriMt4qQLBgqdsVQ9qHA3,Sao Tome and Principe,East Robert,99221 Jennifer Curve Apt. 167
gxGPWBXZhmn9dnKj2GnAPa,Donald Howard,reyesnicholas@example.net,Tcg3igevkAq9nmkkBG5M86,Chile,Rogerstown,61324 Mary Summit Suite 174
UYMrLVJbLxNXSNf6wAyrZ6,Alfred Perez,wroy@example.org,AEJeTwB8douVUEUUq2KC7t,Sao Tome and Principe,New Kevin,36153 Cory Cape Apt. 704
X4KGhxwQaNumqdD3iD8TP7,Pamela Hood,yoliver@example.org,dX9YbHKXrpSDvzT5uWoB8S,Grenada,West Teresaville,6870 Howard Branch
dWjaTbuhYsdd7A6q4Yx3ay,Kevin Ayers,suzanne20@example.org,Ac83WyGxuvkpwj8WicsxU9,Liechtenstein,Swansonport,65966 Norris Vista Suite 377
XmFiuTFy5WnKCjfJf5YMEU,Michelle Brown,brittanymendoza@example.net,B4k4csYtnG8dkQBGcR9azN,Isle of Man,Collinsfort,8710 Dana Rest
JdApECydqYtJEBpRbVkkDh,Amanda Gonzales,gonzalezkeith@example.com,2nqH7U2MvM72S9voaYzuAr,Australia,Morrowfurt,98186 Stafford Gardens
amwuvs6dvQsVRaXcJvp4mL,David Parsons,joshuaoconnell@example.com,TZrrrnH9Ux8CRMQTf5dyw6,France,New Katherine,6193 Alexa Turnpike Suite 699
bhBdbvW3ZegPGhH3s7as42,Julie Myers,palmersteven@example.net,RaSsutUkxeMQKQRGJWRS2a,Barbados,Zunigaberg,07375 Potter Road Suite 185
8aju9sqpYiym6XYmCiYLgR,Edgar Dixon,jrodriguez@example.com,8A685Azr7JwzdowfEBY9Ej,Switzerland,North Margaret,47670 Drew Drive Suite 734
RqeQfubncwicegGrBJkxUg,Diana Joseph,patrickbenson@example.org,cmuLd9Yyyjb53N4zeaaUZ9,New Caledonia,Rodriguezstad,108 Lauren Ramp
WXgZdVYkGZRiXtfyKdvU9c,Derek Wiggins,efrank@example.com,BjYYYSB67ktvpNzTis4Pz4,French Southern Territories,North William,0439 Perez Locks
7iaaSiue8myedtvJZvwvtn,Brittany Watts,shannon43@example.com,czj2NmupZEj6QhzqJHRSUE,Mexico,Port Tina,15910 Novak Squares
DhB4iUwHxwuGaDVEEku9Bq,Curtis Martinez,rrogers@example.net,dmP8PkaGwjrwT66ikyrexA,Canada,Griffinfurt,89890 Angela Plaza
XsHRzAn32krj2LYDsYzUhZ,Erik White,mariamatthews@example.com,JSVEuLvvQAEAkUCNKirFa5,Holy See (Vatican City State),Stephenton,93923 Jeremy Flats Apt. 721
XDY5NmnpdgQ5yQDdRWq5Ga,Christopher Wong,lbarnes@example.com,PsS9AB7wn4B4AFLs35UnKq,Sierra Leone,Carrollborough,124 Melissa Spurs Apt. 034
aavQHFa8MVHSJwxGERXYWE,Juan Chapman,hernandezvirginia@example.com,7NNrijMQihzDZzpego3b5n,Madagascar,Port Ashleytown,583 Mcgee Hills Apt. 429
F6ehdWsTK4n7PMvbo77FLw,Ann Peterson,coxjoanna@example.com,EwyZFagmV6RtSfQzn3F2VG,Guatemala,Murphyfurt,01200 Joseph Burgs
2vCSuUYv3NMLQVD6jB3JFC,Gina Delacruz,bcabrera@example.org,6f5kvTppxxJSgiYqWGX6Sb,Malaysia,Thomasview,925 Christopher Track Suite 432
FFans4Sx6J2CoE2MmFM73v,Sharon Molina,dfritz@example.com,3He5LfWzGqEBcaXgHsG7Ns,Pakistan,Grahamberg,137 Pham Lock
gP7gk5mSbmTAn65z7YjitL,Melissa Sutton,millerashley@example.org,STWkUkL9gTvkNpEJ2DptGw,Belize,Sherylview,668 Martinez Knolls
neorCaoK3V49zeHViDZPyL,Steven Simmons,boyerjennifer@example.com,4BNGhqKqMPKDAMh9Kpyrsm,Belgium,New Marioport,45794 Maxwell Inlet
8QR7obnnZkxRfZtoDwBeDs,Kelly Garcia,brittany46@example.com,YNL5RTYaUoedFMMMtcHLpp,Azerbaijan,Russellberg,019 Montgomery Expressway Apt. 839
NcCANzXX9AoLknJRJFG6ZS,Sarah Schneider,julie75@example.org,7vqeZVgtqBAiKaM4DBvPay,New Caledonia,East Ryan,91638 David Harbor
kQVLtqLChoRTBCpGCnih84,Matthew Campbell,jameslopez@example.org,4YKWy2Y2pnmtS57oTVHrGF,Svalbard & Jan Mayen Islands,East Theodore,193 Riley Spurs
MTbLC9BFD22ndrSHGd95GD,Mark Buckley,ebranch@example.net,7pbvxQ9HANgoNuVVthVruu,South Georgia and the South Sandwich Islands,Cunninghamland,424 Marc Hill Apt. 673
WXcQrXPFxgxoUYtLg7Nq46,Cheryl Clayton,jamestara@example.net,gc5AJkabprPQiSNbNEAjb8,Guatemala,Ericton,31738 Ruiz Loaf Apt. 756
RfYvaij2trvXDtvoHo7FYc,Michael Callahan,haynesdouglas@example.org,PFxjsbWYsftkH985HfdgED,Samoa,Perezville,00716 Tina Mall Suite 719
K5TefimnZfBciehBSXSRJf,Richard Sanchez,cherylguzman@example.org,JvztePnHzAkcC8XDpQjBnM,Gabon,New Douglas,681 William Bridge
MeufC7Z7EjpQjVoPMYL5Kg,Howard Boyer,anthony97@example.net,hgRLLcydaGkdikEqLjGQ3z,Bhutan,South Stevenside,251 Nicholas Hill
abfM2rh7e3vVdBecEycNWM,Justin Hill,igamble@example.org,Puj49zBEVbRemnjAsv2yPs,Christmas Island,Hillhaven,321 Ryan Ferry
KnARnbdKUNmKazXKUDQJzp,Karen Roberts,nallen@example.net,PD73HdRinqGSnBPxaTpN4P,Antigua and Barbuda,Port Frederickmouth,221 Burke Glens
bVzkL5HZ47mVt8rYA9UoEW,Tony Campbell,vasquezchristina@example.com,XiFcsYCi9YUBzWYFt8DRj5,Saint Kitts and Nevis,Robinland,4641 Amanda Meadows Suite 193
dw52toocZFW33pgncs7jWz,Eric Perez,elizabeth40@example.org,454vbYQ7NoD2PQdXBtfM3o,Papua New Guinea,Hendersonstad,54257 Riley Inlet Suite 098
nnLx2CF8WLsp7mt7VGvosA,Rebecca Walters,dwilliams@example.net,gdHowWq6aTmomYYPxJ5ju3,Grenada,Port Veronica,437 Dylan Ranch Suite 492
LBC9vrx6y6mHfAQYoD6QZk,Heather Reid,peterallen@example.net,cEkKx2ZkPiXXYeZff6gTRt,Grenada,Lake Jasonhaven,8923 Michael Station Apt. 578
XL9WNdr2iZfTQjSA2k6egi,Brandon Orozco,scottrobertson@example.org,bCvv6yiKskPgKetaGCod7V,Kenya,Leeberg,6469 Heather Village Suite 754
X8oFbpwHNREUpVrwftkbzn,Jeffrey Johnson,brittany62@example.org,cASuDRwzqFJQ6NoiP8KAuU,Bermuda,Carlsonburgh,44982 Williams Oval Suite 266
hrBCqyrg49gP3uPATsqXcL,Maria Gilmore,sheltonjohn@example.com,DiriMt4qQLBgqdsVQ9qHA3,Gambia,New Reneebury,83333 Smith Terrace
RtvKzuWpD397PiTJo8KRvM,Kathleen Quinn,jamespatricia@example.net,QkE5nZ6BANe7wvFxQKecR8,Madagascar,Murphyburgh,675 Jackson Lane
g8gW2mNTgNsbkKVobr35NQ,Kristen Levine,thomasgonzalez@example.org,bBtTN2EDuFsNJCYXyqhEGb,Belize,Toddberg,529 Jeffrey Pines
KoXALudCZGfSuQz9PQ42rV,Brandon Best,wallerwilliam@example.com,TY3crFkiUEap7HWr2ozSyj,China,Boothborough,37569 Amanda Forks
Hu8bp5EHba6k8R8kydMgy4,Matthew Sanders,jenkinssamantha@example.com,9iwnBKjUUKUPJWydmaMoqS,Nepal,Juliamouth,3564 Cochran Glens Apt. 816
D8FEYbSkMz6GpezDoX2upL,Jacqueline Wilkins,vlong@example.com,LJMVhJqwCQ77Dunkr7U24g,Bosnia and Herzegovina,Hallville,41145 Mccarthy Centers Suite 375
D3KuCRRmKP6bLznLFDFYmy,Dr. Nicholas Frost,jose30@example.org,CHMLW5fKEZdTsdcXG8rKyM,Guadeloupe,Jessicastad,15906 Valerie Square
Y5cMEDfK3qqJdbYGNHgS9D,Erin Cox,marshallrandy@example.com,TtbZ746XARneiRny5ap3mR,Montserrat,Brownchester,34708 Turner Extension
TtZef4fCD7YkSqU7iF2Vj8,William Avila,edwardbrown@example.org,avsn8k3n87ugM7JZTTpz6f,Benin,Sullivanland,3950 Burton Bridge
9yRLN37DYBVMrk7sWs7Dvj,Lisa Stevens,laura37@example.com,iH3pd5pC6rj9LLnZRkgLdS,Switzerland,South Christine,023 Lisa Motorway
DDxRRkkcPo3k9ytsDoznW4,James Johnson,garnermichael@example.org,FgFj6fdTA3sdyEM8goTdnC,Grenada,East Christopher,024 Johnson Neck
ZX7AYChaLMh7YeGbatnMD5,Rebecca Ray,cynthia29@example.org,QUFARDYZq2bFVzoi8hyBFr,Lithuania,Lake Adam,09313 Key Viaduct Suite 432
XUpcNcSVAVwqdJYS3s8iRv,Anita Miller,alyssadixon@example.com,YByYox7Gan3tPaZDRedbUy,Yemen,South Susan,0525 Elizabeth Loaf Apt. 968
WwCTs6HZrZVR5YsqawJtxY,Jessica Powers,ryan65@example.org,RyhiXRSJnzq2SSp4rD8QGr,Kiribati,Thomashaven,1390 Lawson View Apt. 659
4itNPvDEaCxRntDadA6hAN,Haley Henry,udouglas@example.org,diUMqvEcYvPQiv2BntUDpx,Kiribati,Lake Peter,448 Harvey Curve
g5dKkocGuXSc2yjCB8w7wB,Erica Elliott,russellrichard@example.com,USbMfHDKZxSQQEL6sVoPfy,Comoros,Velazquezfort,989 Diaz Squares
43UM5MSGXMue4qcwwAXHFe,Rachel Dickson,isaiahhall@example.net,MXBEQbj6JRZkb9FLrRZuSA,United States of America,South Jefferyberg,477 Cook Route
9PKNSTfq7vSMHXj44k7LKC,Stephen Davies,diazmichael@example.net,YByYox7Gan3tPaZDRedbUy,Egypt,Shaunstad,15657 Tiffany Orchard Suite 845
nJdTFNesqejnyoqt4iXrE8,Jason Rodriguez,sarahdunn@example.net,JxGeLoGCZ9J2WHLXe6GmDF,Greece,East Paula,922 Thomas Curve Apt. 316
WbKTVNqSUKw2bR2gVrjhPN,Mr. William Singh,melissa85@example.org,9sDqZFcq3UGdnq4iXUVdL2,Netherlands Antilles,Deannaview,796 Kristina Street Suite 040
29gu2L3B3D5rJYSKK8YpfC,Robert Jenkins,derekallen@example.net,dmP8PkaGwjrwT66ikyrexA,Montenegro,Port Brandonfurt,30686 Alyssa Isle
JSo463gdSqoPub5KTJaf6q,Amber Miller,gallegoskyle@example.net,dHKJ7AAvDyaatextJTwCHV,Saint Vincent and the Grenadines,West Mary,15354 Molly Drives Apt. 277
89MSqxTzg6awMMYE7h5LWw,Lauren Chandler,sydneyharris@example.net,ZfVqf5Gv5ZdcEH6STfDWFK,South Africa,Martinezstad,31688 Keller Run Apt. 016
6WjEE38SA4KUBKDWwBQFx4,Wesley Harvey,rogershayden@example.net,dmP8PkaGwjrwT66ikyrexA,Turks and Caicos Islands,South Susan,88707 Ricky Isle Suite 139
S7XtW6vDtZUxjCuaN5Wgku,Richard Williams,kstewart@example.com,jCuDheewryKvH57Sn59EYu,Kyrgyz Republic,Victoriachester,49196 Williams Route
8seiF4VZP6a4PZC5nVysGu,Gerald Jordan,khayes@example.com,DiriMt4qQLBgqdsVQ9qHA3,Russian Federation,South Amandaland,912 Hutchinson Village Suite 602
abawZD8sc5HY5sRRhgCH3T,Patricia Duran,louisgoodman@example.com,QUFARDYZq2bFVzoi8hyBFr,Saint Pierre and Miquelon,Richardberg,9357 Lewis Drives
4oyDrQxnQyjUzFjNfYiAGZ,Debbie Diaz,eric55@example.net,STLPFZoTKTFHprrX4aT43o,Macao,Port Amandashire,43370 Anna Ways Suite 653
bhLbiQbxaDLWLAUngkWJGT,Elizabeth Harrison,martinmolly@example.org,dmP8PkaGwjrwT66ikyrexA,Vanuatu,Joneston,72893 Coleman Orchard
cFYWJ2prohMfPXvzBjeLby,Michael Nelson,sandraacevedo@example.net,SPTfFpMDpNzxfdnvARUdzx,Vietnam,Adkinsmouth,501 Ryan Plains
fN2xAwepzYfMqqAmtfjbVN,David Williams,tylernichols@example.org,eNbrHt5rfmXZYcDyYNQ9bn,Svalbard & Jan Mayen Islands,North Richard,765 Cline Expressway
HP2LCiTUVtvUNm9G4KPemK,Elaine Carr,joneszachary@example.com,bBtTN2EDuFsNJCYXyqhEGb,Australia,South Kevin,9321 James Keys Suite 922
DAkoUyUX7cavyvZr8PWvSC,John Reed II,pjohnson@example.org,5YYGf8xUcbKvwSJYaCRjxc,Pakistan,New Alanchester,2317 Garza Camp Apt. 238
aqd9jgidSjjEXG7LRmBFGj,Katie Reyes,walkerluis@example.org,hWdTdgbFKa3tQY4crcnT6g,Kazakhstan,East Adamfurt,057 Robles Inlet Apt. 418
VjEbizyfGrKejrje5q3NmJ,Raymond Espinoza,sandra62@example.org,mkd22a7rzyQGqsacpasZBE,Equatorial Guinea,Paulland,329 Diana Divide
2RFG293junm3jcrpbjkmPs,Kenneth Jackson,brianfox@example.net,CZUPonPjTaiHVvPypQc5Sp,Nepal,Port Nancy,1104 Austin Haven
g3J6QiFAdMjsizi5YGjTKN,Stephen Estes,malonedustin@example.com,YByYox7Gan3tPaZDRedbUy,Estonia,New James,3804 Ayers Plaza
Sr9cwMWvAbDCzuWUyEHu7L,Steven Navarro,charles42@example.com,5YYGf8xUcbKvwSJYaCRjxc,Honduras,Lake Jamesmouth,990 Joseph Mountains
4PbwMhidfBwuSQGeVoh4SP,Jade Baker,franciscunningham@example.org,CCPLrvEA3qHdNmCmcB5amV,Guadeloupe,Lake Michaelview,8050 Smith Squares
HTYUCSKcCSwrisuc9XMvxo,Guy Hurst,bryanporter@example.net,VrFYwjshDV8ApC583xqhyL,Tanzania,West Toddmouth,75159 David Harbors Suite 961
oKHmsmeJPbhMPpZgJ9NvJ8,Misty Boone,pamela49@example.net,76osVfTowabirU2MDbhm7C,Azerbaijan,Montgomeryside,59928 Miller Greens Suite 339
Sn8J7qJis8vyzUxDfoJiDP,Shelby Garcia,connie43@example.com,LJMVhJqwCQ77Dunkr7U24g,Liechtenstein,West Alexandertown,10230 Monica Corner
6TVivHXVAHW3sDDVHae3sR,Steve Thompson,lbaker@example.net,SnehmZgFAnnifQxPJtdgo9,United Arab Emirates,Pamelaside,4040 Clark Mount Apt. 280
VuCmzkQdkPUNGckQuXvxcs,Jillian Rivas,jacqueline14@example.net,BTxiN8wiPjnACBZGBvW3pJ,Poland,Raymondland,6215 Herman Motorway
8v6QWyoPEaZC748rx5LtZu,David Curtis,mannmartha@example.com,2nqH7U2MvM72S9voaYzuAr,Algeria,Mariaton,0184 Anthony Fields
W9pJSCikxqH4Mm2XYZUSxn,Matthew Fuentes,rosemckenzie@example.com,HyirwhxKa2jBWHfHewWshF,British Virgin Islands,Stevensmouth,440 Lynn Drive
2iE65xmaUn4M3ApHtkMsbq,Justin Williams,twatson@example.net,iBqRDyJEzC4s2HLMMJvRth,Sudan,Kimberlybury,803 Rebecca Viaduct
7jKEjNnXcUznfceegwfCD6,Noah Dunn,thomasheather@example.com,BFxvSMzHpnHwxoFzaHwyRK,Mauritania,South Markshire,087 Martin Rapids
Tsh6J7JMdtqhv7bwPeZq4f,Richard Glover,qward@example.net,RJmN23wVq2jSmBXvJFtKT8,Faroe Islands,Frostmouth,408 Benitez Wells
ZeBiSG6GBQyokdBxT6fJgv,Lindsey Lewis,morganhaley@example.com,aLaRCkcgXtVtr8dAecrjGv,Anguilla,Saraview,032 Rosales Drive Suite 088
hKSurDXgMHN2nQ8JezSbos,Howard Sharp,harrisonjames@example.org,Cf89W2vy3QfwgsDbn7diGE,Comoros,Lake Bradleymouth,77991 Wright View
bAzLsobhGby7VRnbJQugkZ,John Wade,rrogers@example.net,oC4AGq4dXKwrtMsjcxcMRU,Mauritius,Jaredchester,3175 Scott Corners
DShvyGUDA5sRgwL2925WNu,Mary Marquez,kennedybetty@example.com,ZMDGBJ8aqzpvDchAW2eQnE,Timor-Leste,Hallchester,973 Linda Viaduct Suite 175
CoHfAooCSAKaLbupxG2Tyg,Jason Long,forbesdebra@example.org,kCrixwYidAtqz3jGWn4EZE,Nicaragua,Davidshire,20247 Knox Rapids
ZY2pPGa2FEhYLXbBD5ZCcF,Daniel Orozco,gzimmerman@example.com,DtHqY8jX5fWwiveq22Xo5J,South Africa,Lake Veronica,0812 Cunningham Meadow
j8bsHQ5Ubyxopfj8YkNuU5,Robert Miller,rfreeman@example.net,e3SWex5aNmTTUPcAjBPv6Y,Burundi,South Adamfort,51753 Thomas Dale
D939M3f7q6YhLhk4hqwAVY,Sean Arnold,dphillips@example.net,Bj4PoTPu5bQJREeFNZdftd,India,East Rita,4436 White Plaza Apt. 162
9NPXy39Hen8wFyZQShFapY,Kari Taylor,jennifer88@example.net,BqgbbfPvCaw2TXdVFrTp36,Bouvet Island (Bouvetoya),Mccarthyville,3646 Natalie Overpass Apt. 702
Mgv6tTdxDUKmqd3YYquxQt,Cameron Rivas,silvajennifer@example.org,RyhiXRSJnzq2SSp4rD8QGr,Denmark,Lake Philipberg,370 Baker Lodge
VbJb4kvLgMYqVdue8MziZS,Kevin Taylor,hawkinsmisty@example.com,fr8WBSL3oBctnSXCxU6qEd,Tokelau,Gomezfort,5302 Schwartz Pine
XF9gRwvYRTxdGgon6sjcnX,Harry Webster,pmiller@example.net,7vvRgmSoV5tyN4em2kvWCi,North Macedonia,West Jennifer,41562 Kevin Branch Suite 960
LbRq9ZhjwyWdGKdvxNu7uS,Lisa Herring,foxtimothy@example.org,nN3U2rBzxPJcSPQqShy3QU,Czech Republic,North Jason,43848 Stephanie Lodge
BCCYjB7CPKzNfBh6KhbLcc,Timothy Boyd,jthomas@example.net,Hc7du3bQi39Wrc6y7XTMjQ,Niue,Tanyahaven,3451 Gomez Tunnel Apt. 637
HrDQ2h2JZ5R4eSqvXymGAi,Donna Bautista,derek56@example.com,dapp7mbcUHmJBxjrTj59u4,Saint Lucia,New Kenneth,888 Harris Trail Apt. 447
LkcS2SzZafqYpE9NEeR69d,Dennis Castaneda,dlopez@example.org,C8KfNhDXHsYcznMixuifcf,Albania,West Luis,240 James Falls
7mbiEYb8wRt3mWomFXcgVD,Alan Ray,creyes@example.com,Bzz2GroNHrLYGxnm3GNXaG,Solomon Islands,Melissabury,49265 Hernandez Turnpike Suite 320
2p7juBJA9VurwR29HGF5Hq,Brittany Brooks,kthomas@example.com,bBtTN2EDuFsNJCYXyqhEGb,Austria,North Jerryport,9856 Mccormick Heights
5KFHGVumzSERnPkVq2PyAq,Evan Murphy,jay00@example.org,DfBL7gUV3UVdX6CSccR8CD,Benin,Lake Samantha,892 Manuel River
gMLHUZQvNwruao8DV4YgCc,Rodney Ford,jeremyhuff@example.net,Gwu7Gc6EgGXMPq6R7xc26F,Slovenia,New Brianburgh,9474 Troy Lake
CJVizAJdd6d9Vmogd4vPYx,Gina Sherman,fryecourtney@example.com,H8MpXZn9RuYLyafCkW47Ek,Georgia,South James,67267 Harrington Spurs
AxuFfiCTT2GumECH8cKY8r,Robert Lawrence,ashley92@example.com,73VcRYjGpvqP2tfSvHtHAK,Philippines,Jeffreyport,51141 Stanley Squares Suite 810
XJAGFt9yXoeyA62FsLNuDf,Joanna Cook,jessicasavage@example.net,fzpEtQyoi5bcBYHFPhQDh9,Nepal,Lake Natalieberg,85421 Sandra Locks
4yQpTujZ5gQ4UfQ85buC76,Susan Hill,katherine98@example.net,arV2qGT23efeTnaV2wFDpD,Togo,Brownland,437 Jason Lakes Apt. 211
JCV6PUSPiSbdWqwX7i3bgR,Amanda Cole,christine56@example.org,grmpLAptkzPBEXxF8sBzhi,Estonia,Fostermouth,858 Walker Stravenue
bwcwMqvAHCSmAeptL8Td7u,Maria King,jeffevans@example.com,aNP5pH4EQx4qfatqAJUTQd,Kiribati,Mackenzietown,89945 Andrew Causeway
NVzjStYMcg9Ztmwqfujic7,Robert Martin,donald26@example.org,mvQcAcQpiLgFK3MPXohMKo,Heard Island and McDonald Islands,Michelefort,892 Brown Courts Suite 957
23HJGjZNaUdGLCdizZdyNb,Elizabeth Stone,kmcdonald@example.com,DiriMt4qQLBgqdsVQ9qHA3,Algeria,Lake Lisa,2876 Michael Turnpike
mGr3vc5uyyhpcqHYKXnM9R,Anita Green,carlsonthomas@example.org,7E5EVEpgXnrSdhEqEH7otm,Saint Helena,Port Benjaminmouth,7291 Smith Stream
jUVKmzajymsc4v6hNb7cfw,Steven Herrera,townsendchris@example.org,mCcWmVMGRZCmFuMmBvpQby,Ecuador,Lake Jessica,90293 Stephen Estates Apt. 809
TWc8MiKnN9YBjkJE5co5xw,Rickey Brown,lpowers@example.com,emfCYn8nA4LeQopHNxQSGT,Niger,East Markhaven,604 Robles Shore Apt. 881
HQ34fzgjM9CKu4h9QiThsY,Andrea Mitchell,millerleah@example.com,78ZEzKeoc9up2mqyJa78dc,Saint Kitts and Nevis,Christopherville,4299 Sanchez Points
juU5SwgU8hUwNVYYuWGTuN,Thomas Escobar,eboyer@example.net,X6y3hNQ8xBT2ZcxMK5zUXy,Albania,North Patrickville,53484 Johnson Locks
FsdwSFAfmwFWTy2ZpM6tF2,Kristin Robinson,brian02@example.net,fhMQ7VnfaWucRvsKCsG5A9,Marshall Islands,Johnborough,819 Hanson Overpass
WNvKBD999uRaovjjeM5iwW,James Peterson,coreyreynolds@example.org,2nqH7U2MvM72S9voaYzuAr,Jordan,Port Christinechester,2890 Lopez Turnpike Apt. 106
WK5qY7yQLG69jYff8gaNYm,Jennifer Edwards,wpark@example.org,29RbPwAZmckXc5h7FfZ3oU,Cote d'Ivoire,West Elizabethborough,0769 Kelly Field Suite 487
BcNCxs2WBtXwfnri5z9oJb,Christina Hernandez,ajoseph@example.org,P2dnZWfbvnHhFx2Jt6mJuJ,Morocco,Jeffreymouth,464 Sandra Hill Apt. 084
dTZBBq8R6p5Y5d8WT69sjA,Jacob Martinez,tglass@example.com,RyhiXRSJnzq2SSp4rD8QGr,Slovakia (Slovak Republic),Donnaville,341 Richard Spring
PpdDNdHdDTcmTa2E6MPDBJ,Christopher Sharp,martinwatson@example.com,59M8ZDMka3bSUBgVoGkDNt,Marshall Islands,Sandovalland,547 Brianna Unions
7xiE4yxxSJ3Nuaw4KRbMpB,Jason Glover,samantha28@example.com,H8MpXZn9RuYLyafCkW47Ek,Nauru,Valerieland,742 Rogers Causeway Apt. 555
2PtGMoMQ6knskGn5wkv79a,Oscar Hamilton,johnsonchristian@example.com,MP6jpHL4CQB5BP67kBPpuF,Serbia,Port Kirk,01250 Brown Extension Suite 245
XTNr9HZFPC8n25HpnZk4K5,Amy Barnes,medinadaryl@example.net,aBWU5hiVR6mJvd697tsF4b,San Marino,South Daniel,839 Patton Plains Suite 330
mErVuVq34gTrqC7tsdhi9v,Monica Smith,duncanblake@example.com,5YYGf8xUcbKvwSJYaCRjxc,Canada,Lake Kimberly,093 Samuel Branch
R88rktoNZY6zwjiFqFpBGq,Brittany Holmes,amanda62@example.net,8PvnUuwsYHm2dd5qPFjHjH,Saint Barthelemy,Lake Timothy,913 Knapp Light Apt. 301
bBcB3FKxhAUSHGrJXCbyL7,Joshua Wilkins,parkeredgar@example.org,dmP8PkaGwjrwT66ikyrexA,Pakistan,Jerryberg,0090 Chad Shore
Fdfk3MrXPu5jdzTSYTETYo,Robert Grant,aparker@example.org,mDZV4DvUygYm7brR8RENpZ,Burundi,Lisastad,2421 Brooke Oval Suite 029
kD4yvMSdgSxVErWMB3ce99,Carol Perez,savagemargaret@example.com,Jd8gxaEMy2sjdfi2jqjAZT,Portugal,Mannfurt,9519 Regina Valley Suite 947
WhBa8LoLXNHV4bQokDpJ3F,Christina Mendoza,dominique12@example.com,n7GjD98KfT6jCpEV6qttHR,Marshall Islands,Stacieview,55862 Williams Springs
6rEQoRsBhy9bbycCrwnuJH,Dawn Ferrell,daniel77@example.com,VXPJywnbbSXpfy2ZnA6VJH,Seychelles,Kathleenchester,3961 Phillips Heights
9PAH9nhCAxZsKAqycJZYLr,Crystal Randall,dwilson@example.org,2CBXaTj9zWFRLoMAzWwCMM,Western Sahara,North Debra,2111 Pamela Motorway
iapDRGnbMSo6zFtvGVsaFy,Bethany Morris,webbpaul@example.com,WjNCyYpuUv7TKua7s6WFZH,Anguilla,Henryview,3732 Miller Knoll
5bmu5smC6nJxYQFLPPiWeq,Jessica Dyer,sacosta@example.org,dmP8PkaGwjrwT66ikyrexA,Indonesia,Port Kristinafurt,082 Smith Prairie Apt. 042
SVX7p53fevDP69B6kDuyXM,Brad Graham,fbrown@example.com,J7FPcpgxzjWaQr5YpfKUgh,Benin,Lake Stephanie,84234 Jackson Union Suite 582
NvbAgC9gtNE42yzaEGVsYk,Logan Dean,fwilson@example.net,WMjydmPxz97NRY9eKg5gN9,Tajikistan,East Heidiland,2976 Dana Fords
AQMebrYb8JreuuJ2naWkCT,Jacob Martin,mcguirekayla@example.net,DkWxtdq2zGqypqneWGCukd,Uruguay,Tannerland,40895 Smith Ranch Suite 987
S2Sp5rQee2yoBbgC66Hryz,Rhonda Gomez,john72@example.com,87JHQgexAAyXud2PRRXW6f,Namibia,Lake Brian,8563 Lisa Wall
HjQDdudGsELMdKM8EcTsTg,Monica Jones,jessicabarry@example.org,XDSms6o3FqjEaYegQsHKkz,Saudi Arabia,Williamsshire,759 Tara Inlet Apt. 361
UHYB85f7gSCafgp7w6iLjx,Johnathan Snyder,hsalazar@example.org,QUFARDYZq2bFVzoi8hyBFr,Bulgaria,South Maxwellberg,016 Autumn Lights Suite 075
8zJn9eBsrDJxM23up563gb,Gabriel Lewis,richardsonnicole@example.com,YByYox7Gan3tPaZDRedbUy,Kiribati,Gentryfort,9564 Rice Point Apt. 286
5NtCdtHthXgwmNNNYKa9Qf,Laura Gregory,browncynthia@example.org,QUFARDYZq2bFVzoi8hyBFr,Greenland,East Robert,558 Mcdonald Pike Apt. 315
jwVD6UhsqDdJfbHcVvhkam,Lindsey Brown,sheilasweeney@example.net,7skxkehDJ5yiVviRTrfC4y,Greenland,Grantland,50743 Adam Lock Suite 270
NSYg7ENGo9mcTTDriQeFFD,Sara Garcia,sdyer@example.net,bk7om8fE4RxHrS2PVaXFWP,Benin,Lake Eric,8980 Golden Parks
XFV7GBF2UP4C2uWDascjHS,Denise Chavez,kathleen39@example.net,Q3aa2pyq8ZQqivAoxBMrKn,Timor-Leste,Bakerland,025 Tracy Centers Suite 866
cdYzGHuwtAdt7oHqEaTmQH,Jill Flores,gsims@example.com,cXQ54GHDgeMdwbEtHZafHc,Palau,Ericland,9306 Steven River
EWguQxnRRCL6ZVYVesFjkE,Brian Huynh,maureen30@example.net,YKTxDN8hqVxGxSZV7ngxXc,Philippines,Lake William,7358 Jenna Tunnel Apt. 933
8NLhmHjQv9yqpi9hyzBfG6,Michael Dawson,stantonkathryn@example.net,YByYox7Gan3tPaZDRedbUy,British Indian Ocean Territory (Chagos Archipelago),South Caseyshire,93577 Mary Oval Apt. 011
3ThJLVtogBTG3SFrhW8HJZ,Cynthia Simpson,villawendy@example.net,9oQKJVcscgNCMAm73HK2fJ,Guernsey,Beverlyport,09931 Roberts Stream
2i7zccjrDNVD3dmHQbfM9g,Ashley Griffith,meghan33@example.org,g9iGB97EU67xacvvx9mHbu,Saint Martin,Jenniferchester,4504 Nelson Stravenue
EPjJNx83AmEDhr5xcjmgXx,Aaron Zimmerman,eric19@example.net,gdNqwJjb6g9PyRh5tFMHK6,Ghana,New Susan,6052 Norman Lake
GsofG7hj5MHBVfyu7yYAU8,Jorge Bailey,benjamin11@example.org,YB5weAZsST4d4CE7wW42Ze,Oman,New Peterville,35975 Garcia Corner
arnQYJZ6TLfGwLx6pKR4t5,Elizabeth Kent,rodriguezderrick@example.net,oUt7uGhmbMQzJGYZUNroE3,Thailand,Christophermouth,5698 Washington Parkway Suite 534
kZR8N8uq4rUNgrkXfLgeTw,Elizabeth Knapp,francisco09@example.org,,Qatar,Rickshire,61208 Joel Roads Suite 780
f6DQeWyDqRf9zy9gJs5hpK,Kayla Estrada,xfisher@example.com,,Qatar,North Andre,9249 Michael Rapids
Rwj34YhrYw8ijiMyD7ZStX,Henry Allison,phillipscarol@example.net,,Qatar,Nguyenstad,954 Joseph Course Suite 699
XoJC2hXgWeckTGuE8wKAeE,Jamie Lynn,zscott@example.com,,Zambia,Lanetown,29848 Tucker Lane Apt. 723
jrKnHXSkzzZrhZxwGUtBDv,Dawn Jackson,gharris@example.net,,Guyana,Donnaberg,8882 Burns Turnpike Apt. 159
dMYL2RJUXPTrLvGgrbxUHq,Tammy Flowers,davismatthew@example.net,,Guyana,Jonstad,19427 Bush Estate
Q5yzM7z8HSRuD2P7xDdZeu,Theresa Evans,orobinson@example.net,,Guyana,East Philip,79718 Donald Crossroad
4eCm8RFNQNUJkj4HDXYxZs,Colin Bass,virginia15@example.net,,Guyana,Julieview,41774 Mercedes Camp
8yqxNyBppuC9itL7JZsZNQ,Alexandra Duran,brownian@example.com,,Guyana,West Stephen,02498 Julie Inlet
mPXAa5xccmCHPfyMtfEzxd,Gina Mullins,catherine19@example.org,,Guyana,Crawfordhaven,650 Stephanie Lodge Suite 379
EjTZyWQWTU9kosJC6AxpQn,Sarah Fletcher MD,johnsonstephen@example.org,,Central African Republic,Edwardborough,8218 Graham Branch
7Jb9D3zJHKLUrXB2fbjb6J,Michael Hernandez,michael22@example.com,,Zimbabwe,West Krystal,584 Gregory Landing
fCTHpJE4yXYGJ58k6u4U27,Kristine Harris,reyescindy@example.org,,Zimbabwe,Port Jonathan,95384 Emma Path
HPtmb7Kuo3nSEkHMrF66Ph,Rebecca Watson,gkeith@example.com,,Zimbabwe,Shieldsland,899 Kelly Fields Suite 388
AwhrQX8P6FPKrYvbmA4Txv,Mary Green,vanessamcdonald@example.org,,Germany,West Mark,93209 James Spur
BAmLpDZyMQ6f9AP8RvmbSM,Richard Garrett,melissagonzalez@example.net,,Vietnam,Deborahstad,305 White Vista Apt. 164
cougadPNs3d3d2MLQbcDNR,Connie White,zacharypowell@example.org,,Vietnam,New Mitchell,4394 Fisher Well
o78LYoBfE3p2nDpQ6nEGPs,Adam Newton,eaustin@example.net,,Vietnam,Port Travisview,840 Young Circles Apt. 229
es2rXW3XBdLUfNvWrY9aNn,Dana Cole,oweaver@example.org,,Vietnam,Thomasshire,22406 Johnson Fork
XRWXp5dB7RJEBzTirHQJAG,Craig Williams,danny70@example.com,,Vietnam,Bradleyburgh,292 Kelly Camp Apt. 994
FQZpxqQDkJZsBX5vUvSUUN,Maria Dixon,duartetony@example.org,,Vietnam,Wilsonmouth,2807 Hayley Vista
Mq9c67qpBtjsoxjwdYFqCy,Brandon Johnson,crystalberry@example.com,,Vietnam,Douglasmouth,173 Boyle Field
LBa7RjfKS7FTJ5fJSAwYNg,Melissa Hall,noah51@example.com,,Nepal,Murphyville,94596 Patel Station Suite 080
hbbkvNnmcsrX4ovJRDo3Uu,Edwin Taylor,kleinbrandon@example.org,,French Southern Territories,East Jessicatown,167 Marc Rue
L9CZejdunUnx9BTNGS7ZFe,Toni Gutierrez MD,kramerpaul@example.org,,French Southern Territories,Ballfort,5082 Elliott Centers
nPHYtouU2azmCvdV95gRRH,Bridget Anderson,justinparker@example.net,,French Southern Territories,Port Emilyhaven,953 Paula Route Apt. 541
QZNa3uoSCBEkxpLjGpnkqS,Joshua Melton,jennifercampbell@example.net,,Haiti,Espinozahaven,9394 Mark Cove Suite 925
HghStYZm4X89HcBdfFJGD3,Linda Campbell,debralong@example.org,,Mozambique,East Edward,78980 Dickerson Cliffs
ViaoAbdRRLcnsJW7xxVMAh,Gregory Bell,collinschase@example.net,,Mozambique,North Amy,5221 Jones Ford
T5QSMBqEUe69iGAhTAETcK,Christopher Jenkins,gilljames@example.org,,Mozambique,Erikchester,985 Day Fork Apt. 494
7g2oPLmKpQdJptygqVueVq,Robert Day,williamsamanda@example.com,,Mozambique,Lonnieport,32622 Wilson Avenue
K4keUVnNRPBkzWZMZYxUt4,Krystal Williams,christinedudley@example.net,,Mozambique,Hillborough,71912 Katherine Terrace Suite 937
kRiV657jWZCZqRj8VKpeQu,Crystal Walker,david94@example.net,,United Arab Emirates,South Jenny,169 James Divide Suite 732
WdvvAeu8h8vYSkQpNhb9uW,Caitlin Mcgrath,angela34@example.com,,Belgium,West Christina,191 Linda Crossing
Wz3Y796Ju6RFXmZxN2nV3a,Michele Gillespie,kimarnold@example.org,,Belgium,Bradleyhaven,7629 Brian Pass Apt. 123
3ntMdtrBJjV4sBQC3J62eB,Ashley Fowler,tamaramartinez@example.com,,Belgium,North Adrianmouth,3728 Pamela Lock Suite 238
47S7uzZC8vLLDVrUzypqYm,Mrs. Vanessa Melendez MD,zlane@example.net,,Belgium,West Marcchester,78206 Barnes Run Suite 077
HPg2xXeKLSRQCKLynpFeTk,Luke Duran,zacharycarter@example.com,,Belgium,Rodriguezfort,18563 Obrien Courts
YqXPCchdQoKXnERpAHuUY4,Deborah Webb,colin29@example.net,,Belgium,Stuartborough,85426 Andrew Junction Apt. 969
UmZVmMgU5dtAQppH99qosJ,Andrew Duncan,jgonzalez@example.net,,Belgium,Philipmouth,394 Schneider Square
Wi292J9pyt7pMSRpcBPZ4b,James Whitaker,kevinbrown@example.net,,Nicaragua,Marissaberg,180 Hawkins Island Suite 321
NtoKd4Xowuif7JdYPSpqHu,Andrea Diaz,lauriemoore@example.com,,New Zealand,Cannonview,772 Brianna Brook
cEh5jkbRSMghqFhswgDpma,Jeanne Perkins,katelyn80@example.com,,New Zealand,Danielmouth,5935 Coleman Fork Suite 998
NuqLRhEjBsDGxL8kPo7hU5,Mr. Curtis Johnson,timothygomez@example.com,,New Zealand,Jeremystad,22560 David Fort
T7fL4UWqEebYouAvY2gGBS,Betty Simmons,danielmiller@example.net,,New Zealand,North Lisa,8526 Alexis Village
fNZQq6ioNKZSpMFqHTPYHR,Douglas Jones,andrealane@example.net,,New Zealand,East Philip,015 Rodriguez Loaf
9oiVCST8RyGxKkwUJNM5yg,Heather Anderson,nelsonamy@example.net,,New Zealand,Michaelberg,08858 Edwards Lane
KKrm2pb6v2b2iRGV5ehSMg,Mackenzie Kim,victoriarocha@example.com,,New Zealand,Houstonshire,64140 Tyler Crest
Ayue5RG9Hq3NbUxZEqyP4T,Kara Alexander,caitlin81@example.org,,Hong Kong,Lake Joseph,14148 Melissa Light Suite 026
QytoWKhMDCnCzn97KCcyNm,Matthew Morris,billpeterson@example.org,,Isle of Man,Snowton,94130 Gallagher Centers
5xDg6RLR7nYhhzMZftRFV5,Sylvia Harris,melissa92@example.net,,Isle of Man,West Johnburgh,211 Jennifer Village
XoXs5PnjW4azjvnss3E6FU,Matthew Smith,aaronobrien@example.com,,Isle of Man,East Benjamin,18289 Davenport Ridge
kyuZmrbWmYLGBfHBrFHTs2,Amanda Kane,smithmichael@example.com,,Isle of Man,Danielleville,6748 Ramirez Fall Apt. 606
jvE8HPc8d3a7XMBa6rro4B,Alexis Wolf,jefferyfoster@example.org,,Isle of Man,East Michelleton,248 Newton Rest Suite 256
jGFLANBPhh265X8VYvkLAV,Courtney Mclean,zrodgers@example.net,,Isle of Man,Snowberg,514 Maria Shores
cvUfcyhT99hxBSnae3BLyX,David Evans DDS,gloria49@example.com,,Isle of Man,Tracymouth,3154 Lawrence Way
V43QRETYgr7GKZu7TCdfy3,Anne West,sbrooks@example.org,,Isle of Man,Valenciastad,47152 Greene Shoals
5gNEQikVVbHUfxtKMnG96M,Robert Case,markball@example.org,,Barbados,East Charles,1352 Green Union Suite 974
JBuuLSwaaZGq8q5MpSJEi9,Michael Wheeler,juliawilliams@example.org,,Bermuda,Masonfort,090 Jones Manor Apt. 280
TfEtRuGn59buFhvinSJsAL,Benjamin Young,cthornton@example.org,,Bermuda,East Megan,2632 John Brook Apt. 850
FwhHCGkEHH7GdEAkrxMCXg,Amanda Gonzales,yshort@example.com,,Bermuda,Tylermouth,577 Sweeney Pine Suite 695
nRpqJaQEwT7pp2DcZYfBQH,Stephanie Robles,terrybarbara@example.org,,Bermuda,Port Rickey,1372 David Lane
hY87uozarSav5r7NuxxeTs,Patrick Carter,richard49@example.org,,Bermuda,Williamborough,6669 Austin Landing
JCg34sg2xPJhncikbAG3eL,Teresa Lawrence,luis57@example.org,,Bermuda,Morenoport,9135 Angela Pines Suite 329
4nKmCHCUdFL98mc6V6WzVJ,Lauren Morales,craigjackson@example.org,,Mexico,Michaelborough,037 Clifford Shoal
